"num","sqrt"
3333,57.7321400954445
5555,74.5318723770976
